uniqueid,country,PredictedBankAcc
uniqueid_6056,Kenya,0
uniqueid_6060,Kenya,0
uniqueid_6065,Kenya,0
uniqueid_6072,Kenya,0
uniqueid_6073,Kenya,0
uniqueid_6074,Kenya,0
uniqueid_6075,Kenya,0
uniqueid_6076,Kenya,0
uniqueid_6077,Kenya,0
uniqueid_6078,Kenya,1
uniqueid_6079,Kenya,0
uniqueid_6080,Kenya,0
uniqueid_6081,Kenya,0
uniqueid_6082,Kenya,0
uniqueid_6083,Kenya,0
uniqueid_6084,Kenya,0
uniqueid_6085,Kenya,0
uniqueid_6086,Kenya,0
uniqueid_6087,Kenya,0
uniqueid_6088,Kenya,0
uniqueid_6089,Kenya,0
uniqueid_6090,Kenya,0
uniqueid_6091,Kenya,0
uniqueid_6092,Kenya,1
uniqueid_6093,Kenya,0
uniqueid_6094,Kenya,0
uniqueid_6095,Kenya,0
uniqueid_6096,Kenya,0
uniqueid_6097,Kenya,0
uniqueid_6098,Kenya,0
uniqueid_6099,Kenya,0
uniqueid_6100,Kenya,0
uniqueid_6101,Kenya,0
uniqueid_6102,Kenya,0
uniqueid_6103,Kenya,0
uniqueid_6104,Kenya,0
uniqueid_6105,Kenya,0
uniqueid_6106,Kenya,1
uniqueid_6107,Kenya,0
uniqueid_6108,Kenya,0
uniqueid_6109,Kenya,0
uniqueid_6110,Kenya,1
uniqueid_6111,Kenya,0
uniqueid_6112,Kenya,0
uniqueid_6113,Kenya,0
uniqueid_6114,Kenya,0
uniqueid_6115,Kenya,1
uniqueid_6116,Kenya,1
uniqueid_6117,Kenya,0
uniqueid_6118,Kenya,0
uniqueid_6119,Kenya,0
uniqueid_6120,Kenya,0
uniqueid_6121,Kenya,1
uniqueid_6122,Kenya,0
uniqueid_6123,Kenya,0
uniqueid_6124,Kenya,0
uniqueid_6125,Kenya,0
uniqueid_6126,Kenya,0
uniqueid_6127,Kenya,0
uniqueid_6128,Kenya,0
uniqueid_6129,Kenya,0
uniqueid_6130,Kenya,0
uniqueid_6131,Kenya,0
uniqueid_6132,Kenya,0
uniqueid_6133,Kenya,0
uniqueid_6134,Kenya,0
uniqueid_6135,Kenya,0
uniqueid_6136,Kenya,0
uniqueid_6137,Kenya,0
uniqueid_6138,Kenya,0
uniqueid_6139,Kenya,0
uniqueid_6140,Kenya,0
uniqueid_6141,Kenya,0
uniqueid_6142,Kenya,0
uniqueid_6143,Kenya,0
uniqueid_6144,Kenya,0
uniqueid_6145,Kenya,0
uniqueid_6146,Kenya,1
uniqueid_6147,Kenya,0
uniqueid_6148,Kenya,0
uniqueid_6149,Kenya,0
uniqueid_6150,Kenya,0
uniqueid_6151,Kenya,0
uniqueid_6152,Kenya,0
uniqueid_6153,Kenya,0
uniqueid_6154,Kenya,1
uniqueid_6155,Kenya,0
uniqueid_6156,Kenya,1
uniqueid_6157,Kenya,0
uniqueid_6158,Kenya,0
uniqueid_6159,Kenya,0
uniqueid_6160,Kenya,0
uniqueid_6161,Kenya,0
uniqueid_6162,Kenya,0
uniqueid_6163,Kenya,0
uniqueid_6164,Kenya,0
uniqueid_6165,Kenya,1
uniqueid_6166,Kenya,0
uniqueid_6167,Kenya,0
uniqueid_6168,Kenya,1
uniqueid_6169,Kenya,1
uniqueid_6170,Kenya,0
uniqueid_6171,Kenya,0
uniqueid_6172,Kenya,0
uniqueid_6173,Kenya,0
uniqueid_6174,Kenya,0
uniqueid_6175,Kenya,0
uniqueid_6176,Kenya,0
uniqueid_6177,Kenya,1
uniqueid_6178,Kenya,0
uniqueid_6179,Kenya,0
uniqueid_6180,Kenya,0
uniqueid_6181,Kenya,0
uniqueid_6182,Kenya,0
uniqueid_6183,Kenya,0
uniqueid_6184,Kenya,1
uniqueid_6185,Kenya,0
uniqueid_6186,Kenya,0
uniqueid_6187,Kenya,0
uniqueid_6188,Kenya,0
uniqueid_6189,Kenya,0
uniqueid_6190,Kenya,0
uniqueid_6191,Kenya,0
uniqueid_6192,Kenya,0
uniqueid_6193,Kenya,0
uniqueid_6194,Kenya,1
uniqueid_6195,Kenya,0
uniqueid_6196,Kenya,1
uniqueid_6197,Kenya,0
uniqueid_6198,Kenya,0
uniqueid_6199,Kenya,0
uniqueid_6200,Kenya,0
uniqueid_6201,Kenya,0
uniqueid_6202,Kenya,0
uniqueid_6203,Kenya,0
uniqueid_6204,Kenya,0
uniqueid_6205,Kenya,0
uniqueid_6206,Kenya,0
uniqueid_6207,Kenya,0
uniqueid_6208,Kenya,0
uniqueid_6209,Kenya,0
uniqueid_6210,Kenya,0
uniqueid_6211,Kenya,0
uniqueid_6212,Kenya,0
uniqueid_6213,Kenya,0
uniqueid_6214,Kenya,0
uniqueid_6215,Kenya,0
uniqueid_6216,Kenya,0
uniqueid_6217,Kenya,0
uniqueid_6218,Kenya,1
uniqueid_6219,Kenya,0
uniqueid_6220,Kenya,0
uniqueid_6221,Kenya,0
uniqueid_6222,Kenya,0
uniqueid_6223,Kenya,1
uniqueid_6224,Kenya,0
uniqueid_6225,Kenya,0
uniqueid_6226,Kenya,0
uniqueid_6227,Kenya,0
uniqueid_6228,Kenya,0
uniqueid_6229,Kenya,0
uniqueid_6230,Kenya,0
uniqueid_6231,Kenya,0
uniqueid_6232,Kenya,0
uniqueid_6233,Kenya,0
uniqueid_6234,Kenya,1
uniqueid_6235,Kenya,1
uniqueid_6236,Kenya,0
uniqueid_6237,Kenya,0
uniqueid_6238,Kenya,0
uniqueid_6239,Kenya,0
uniqueid_6240,Kenya,1
uniqueid_6241,Kenya,0
uniqueid_6242,Kenya,0
uniqueid_6243,Kenya,0
uniqueid_6244,Kenya,0
uniqueid_6245,Kenya,0
uniqueid_6246,Kenya,0
uniqueid_6247,Kenya,0
uniqueid_6248,Kenya,0
uniqueid_6249,Kenya,0
uniqueid_6250,Kenya,0
uniqueid_6251,Kenya,0
uniqueid_6252,Kenya,0
uniqueid_6253,Kenya,0
uniqueid_6254,Kenya,1
uniqueid_6255,Kenya,0
uniqueid_6256,Kenya,0
uniqueid_6257,Kenya,0
uniqueid_6258,Kenya,0
uniqueid_6259,Kenya,0
uniqueid_6260,Kenya,0
uniqueid_6261,Kenya,0
uniqueid_6262,Kenya,0
uniqueid_6263,Kenya,0
uniqueid_6264,Kenya,0
uniqueid_6265,Kenya,0
uniqueid_6266,Kenya,0
uniqueid_6267,Kenya,0
uniqueid_6268,Kenya,0
uniqueid_6269,Kenya,1
uniqueid_6270,Kenya,0
uniqueid_6271,Kenya,0
uniqueid_6272,Kenya,0
uniqueid_6273,Kenya,0
uniqueid_6274,Kenya,0
uniqueid_6275,Kenya,0
uniqueid_6276,Kenya,0
uniqueid_6277,Kenya,0
uniqueid_6278,Kenya,0
uniqueid_6279,Kenya,0
uniqueid_6280,Kenya,0
uniqueid_6281,Kenya,0
uniqueid_6282,Kenya,0
uniqueid_6283,Kenya,0
uniqueid_6284,Kenya,0
uniqueid_6285,Kenya,0
uniqueid_6286,Kenya,0
uniqueid_6287,Kenya,0
uniqueid_6288,Kenya,0
uniqueid_6289,Kenya,0
uniqueid_6290,Kenya,0
uniqueid_6291,Kenya,0
uniqueid_6292,Kenya,0
uniqueid_6293,Kenya,0
uniqueid_6294,Kenya,0
uniqueid_6295,Kenya,0
uniqueid_6296,Kenya,0
uniqueid_6297,Kenya,0
uniqueid_6298,Kenya,0
uniqueid_6299,Kenya,0
uniqueid_6300,Kenya,0
uniqueid_6301,Kenya,0
uniqueid_6302,Kenya,0
uniqueid_6303,Kenya,0
uniqueid_6304,Kenya,0
uniqueid_6305,Kenya,1
uniqueid_6306,Kenya,1
uniqueid_6307,Kenya,0
uniqueid_6308,Kenya,0
uniqueid_6309,Kenya,0
uniqueid_6310,Kenya,0
uniqueid_6311,Kenya,1
uniqueid_6312,Kenya,0
uniqueid_6313,Kenya,0
uniqueid_6314,Kenya,0
uniqueid_6315,Kenya,1
uniqueid_6316,Kenya,0
uniqueid_6317,Kenya,1
uniqueid_6318,Kenya,0
uniqueid_6319,Kenya,0
uniqueid_6320,Kenya,0
uniqueid_6321,Kenya,0
uniqueid_6322,Kenya,0
uniqueid_6323,Kenya,0
uniqueid_6324,Kenya,0
uniqueid_6325,Kenya,0
uniqueid_6326,Kenya,0
uniqueid_6327,Kenya,0
uniqueid_6328,Kenya,1
uniqueid_6329,Kenya,0
uniqueid_6330,Kenya,0
uniqueid_6331,Kenya,0
uniqueid_6332,Kenya,0
uniqueid_6333,Kenya,0
uniqueid_6334,Kenya,0
uniqueid_6335,Kenya,0
uniqueid_6336,Kenya,0
uniqueid_6337,Kenya,0
uniqueid_6338,Kenya,0
uniqueid_6339,Kenya,1
uniqueid_6340,Kenya,0
uniqueid_6341,Kenya,0
uniqueid_6342,Kenya,0
uniqueid_6343,Kenya,0
uniqueid_6344,Kenya,0
uniqueid_6345,Kenya,0
uniqueid_6346,Kenya,0
uniqueid_6347,Kenya,0
uniqueid_6348,Kenya,0
uniqueid_6349,Kenya,0
uniqueid_6350,Kenya,0
uniqueid_6351,Kenya,0
uniqueid_6352,Kenya,0
uniqueid_6353,Kenya,0
uniqueid_6354,Kenya,0
uniqueid_6355,Kenya,0
uniqueid_6356,Kenya,0
uniqueid_6357,Kenya,0
uniqueid_6358,Kenya,1
uniqueid_6359,Kenya,0
uniqueid_6360,Kenya,0
uniqueid_6361,Kenya,0
uniqueid_6362,Kenya,0
uniqueid_6363,Kenya,0
uniqueid_6364,Kenya,0
uniqueid_6365,Kenya,0
uniqueid_6366,Kenya,0
uniqueid_6367,Kenya,1
uniqueid_6368,Kenya,0
uniqueid_6369,Kenya,0
uniqueid_6370,Kenya,0
uniqueid_6371,Kenya,0
uniqueid_6372,Kenya,0
uniqueid_6373,Kenya,0
uniqueid_6374,Kenya,1
uniqueid_6375,Kenya,0
uniqueid_6376,Kenya,0
uniqueid_6377,Kenya,0
uniqueid_6378,Kenya,1
uniqueid_6379,Kenya,0
uniqueid_6380,Kenya,0
uniqueid_6381,Kenya,1
uniqueid_6382,Kenya,0
uniqueid_6383,Kenya,0
uniqueid_6384,Kenya,0
uniqueid_6385,Kenya,1
uniqueid_6386,Kenya,0
uniqueid_6387,Kenya,0
uniqueid_6388,Kenya,0
uniqueid_6389,Kenya,0
uniqueid_6390,Kenya,0
uniqueid_6391,Kenya,0
uniqueid_6392,Kenya,0
uniqueid_6393,Kenya,0
uniqueid_6394,Kenya,0
uniqueid_6395,Kenya,0
uniqueid_6396,Kenya,1
uniqueid_6397,Kenya,0
uniqueid_6398,Kenya,0
uniqueid_6399,Kenya,0
uniqueid_6400,Kenya,0
uniqueid_6401,Kenya,0
uniqueid_6402,Kenya,0
uniqueid_6403,Kenya,0
uniqueid_6404,Kenya,0
uniqueid_6405,Kenya,0
uniqueid_6406,Kenya,0
uniqueid_6407,Kenya,1
uniqueid_6408,Kenya,0
uniqueid_6409,Kenya,0
uniqueid_6410,Kenya,1
uniqueid_6411,Kenya,0
uniqueid_6412,Kenya,0
uniqueid_6413,Kenya,0
uniqueid_6414,Kenya,0
uniqueid_6415,Kenya,1
uniqueid_6416,Kenya,0
uniqueid_6417,Kenya,0
uniqueid_6418,Kenya,1
uniqueid_6419,Kenya,0
uniqueid_6420,Kenya,0
uniqueid_6421,Kenya,0
uniqueid_6422,Kenya,0
uniqueid_6423,Kenya,0
uniqueid_6424,Kenya,0
uniqueid_6425,Kenya,0
uniqueid_6426,Kenya,0
uniqueid_6427,Kenya,0
uniqueid_6428,Kenya,0
uniqueid_6429,Kenya,0
uniqueid_6430,Kenya,0
uniqueid_6431,Kenya,0
uniqueid_6432,Kenya,0
uniqueid_6433,Kenya,0
uniqueid_6434,Kenya,0
uniqueid_6435,Kenya,0
uniqueid_6436,Kenya,0
uniqueid_6437,Kenya,0
uniqueid_6438,Kenya,0
uniqueid_6439,Kenya,0
uniqueid_6440,Kenya,0
uniqueid_6441,Kenya,0
uniqueid_6442,Kenya,0
uniqueid_6443,Kenya,0
uniqueid_6444,Kenya,1
uniqueid_6445,Kenya,0
uniqueid_6446,Kenya,0
uniqueid_6447,Kenya,0
uniqueid_6448,Kenya,0
uniqueid_6449,Kenya,0
uniqueid_6450,Kenya,0
uniqueid_6451,Kenya,0
uniqueid_6452,Kenya,0
uniqueid_6453,Kenya,1
uniqueid_6454,Kenya,0
uniqueid_6455,Kenya,0
uniqueid_6456,Kenya,0
uniqueid_6457,Kenya,0
uniqueid_6458,Kenya,0
uniqueid_6459,Kenya,0
uniqueid_6460,Kenya,0
uniqueid_6461,Kenya,0
uniqueid_6462,Kenya,0
uniqueid_6463,Kenya,0
uniqueid_6464,Kenya,0
uniqueid_6465,Kenya,0
uniqueid_6466,Kenya,0
uniqueid_6467,Kenya,0
uniqueid_6468,Kenya,0
uniqueid_6469,Kenya,1
uniqueid_6470,Kenya,0
uniqueid_6471,Kenya,0
uniqueid_6472,Kenya,0
uniqueid_6473,Kenya,0
uniqueid_6474,Kenya,0
uniqueid_6475,Kenya,0
uniqueid_6476,Kenya,0
uniqueid_6477,Kenya,0
uniqueid_6478,Kenya,0
uniqueid_6479,Kenya,0
uniqueid_6480,Kenya,0
uniqueid_6481,Kenya,0
uniqueid_6482,Kenya,0
uniqueid_6483,Kenya,0
uniqueid_6484,Kenya,0
uniqueid_6485,Kenya,1
uniqueid_6486,Kenya,0
uniqueid_6487,Kenya,0
uniqueid_6488,Kenya,0
uniqueid_6489,Kenya,1
uniqueid_6490,Kenya,0
uniqueid_6491,Kenya,0
uniqueid_6492,Kenya,0
uniqueid_6493,Kenya,1
uniqueid_6494,Kenya,0
uniqueid_6495,Kenya,0
uniqueid_6496,Kenya,0
uniqueid_6497,Kenya,0
uniqueid_6498,Kenya,0
uniqueid_6499,Kenya,0
uniqueid_6500,Kenya,0
uniqueid_6501,Kenya,0
uniqueid_6502,Kenya,0
uniqueid_6503,Kenya,1
uniqueid_6504,Kenya,0
uniqueid_6505,Kenya,0
uniqueid_6506,Kenya,0
uniqueid_6507,Kenya,1
uniqueid_6508,Kenya,0
uniqueid_6509,Kenya,0
uniqueid_6510,Kenya,0
uniqueid_6511,Kenya,1
uniqueid_6512,Kenya,0
uniqueid_6513,Kenya,0
uniqueid_6514,Kenya,1
uniqueid_6515,Kenya,0
uniqueid_6516,Kenya,1
uniqueid_6517,Kenya,0
uniqueid_6518,Kenya,0
uniqueid_6519,Kenya,0
uniqueid_6520,Kenya,0
uniqueid_6521,Kenya,0
uniqueid_6522,Kenya,0
uniqueid_6523,Kenya,0
uniqueid_6524,Kenya,0
uniqueid_6525,Kenya,0
uniqueid_6526,Kenya,0
uniqueid_6527,Kenya,0
uniqueid_6528,Kenya,0
uniqueid_6529,Kenya,0
uniqueid_6530,Kenya,0
uniqueid_6531,Kenya,0
uniqueid_6532,Kenya,0
uniqueid_6533,Kenya,0
uniqueid_6534,Kenya,0
uniqueid_6535,Kenya,1
uniqueid_6536,Kenya,0
uniqueid_6537,Kenya,0
uniqueid_6538,Kenya,0
uniqueid_6539,Kenya,0
uniqueid_6540,Kenya,1
uniqueid_6541,Kenya,0
uniqueid_6542,Kenya,1
uniqueid_6543,Kenya,0
uniqueid_6544,Kenya,0
uniqueid_6545,Kenya,0
uniqueid_6546,Kenya,0
uniqueid_6547,Kenya,0
uniqueid_6548,Kenya,0
uniqueid_6549,Kenya,0
uniqueid_6550,Kenya,0
uniqueid_6551,Kenya,0
uniqueid_6552,Kenya,0
uniqueid_6553,Kenya,0
uniqueid_6554,Kenya,0
uniqueid_6555,Kenya,0
uniqueid_6556,Kenya,0
uniqueid_6557,Kenya,0
uniqueid_6558,Kenya,0
uniqueid_6559,Kenya,0
uniqueid_6560,Kenya,1
uniqueid_6561,Kenya,0
uniqueid_6562,Kenya,0
uniqueid_6563,Kenya,0
uniqueid_6564,Kenya,1
uniqueid_6565,Kenya,0
uniqueid_6566,Kenya,0
uniqueid_6567,Kenya,1
uniqueid_6568,Kenya,0
uniqueid_6569,Kenya,0
uniqueid_6570,Kenya,0
uniqueid_6571,Kenya,0
uniqueid_6572,Kenya,0
uniqueid_6573,Kenya,0
uniqueid_6574,Kenya,0
uniqueid_6575,Kenya,0
uniqueid_6576,Kenya,0
uniqueid_6577,Kenya,0
uniqueid_6578,Kenya,0
uniqueid_6579,Kenya,0
uniqueid_6580,Kenya,0
uniqueid_6581,Kenya,1
uniqueid_6582,Kenya,0
uniqueid_6583,Kenya,0
uniqueid_6584,Kenya,0
uniqueid_6585,Kenya,0
uniqueid_6586,Kenya,0
uniqueid_6587,Kenya,0
uniqueid_6588,Kenya,0
uniqueid_6589,Kenya,0
uniqueid_6590,Kenya,0
uniqueid_6591,Kenya,0
uniqueid_6592,Kenya,0
uniqueid_6593,Kenya,0
uniqueid_6594,Kenya,0
uniqueid_6595,Kenya,0
uniqueid_6596,Kenya,0
uniqueid_6597,Kenya,0
uniqueid_6598,Kenya,0
uniqueid_6599,Kenya,0
uniqueid_6600,Kenya,0
uniqueid_6601,Kenya,0
uniqueid_6602,Kenya,0
uniqueid_6603,Kenya,0
uniqueid_6604,Kenya,0
uniqueid_6605,Kenya,1
uniqueid_6606,Kenya,0
uniqueid_6607,Kenya,1
uniqueid_6608,Kenya,0
uniqueid_6609,Kenya,0
uniqueid_6610,Kenya,0
uniqueid_6611,Kenya,1
uniqueid_6612,Kenya,0
uniqueid_6613,Kenya,0
uniqueid_6614,Kenya,1
uniqueid_6615,Kenya,0
uniqueid_6616,Kenya,0
uniqueid_6617,Kenya,0
uniqueid_6618,Kenya,0
uniqueid_6619,Kenya,0
uniqueid_6620,Kenya,0
uniqueid_6621,Kenya,0
uniqueid_6622,Kenya,0
uniqueid_6623,Kenya,0
uniqueid_6624,Kenya,0
uniqueid_6625,Kenya,0
uniqueid_6626,Kenya,0
uniqueid_6627,Kenya,1
uniqueid_6628,Kenya,0
uniqueid_6629,Kenya,0
uniqueid_6630,Kenya,0
uniqueid_6631,Kenya,1
uniqueid_6632,Kenya,1
uniqueid_6633,Kenya,0
uniqueid_6634,Kenya,0
uniqueid_6635,Kenya,0
uniqueid_6636,Kenya,0
uniqueid_6637,Kenya,0
uniqueid_6638,Kenya,0
uniqueid_6639,Kenya,0
uniqueid_6640,Kenya,0
uniqueid_6641,Kenya,0
uniqueid_6642,Kenya,0
uniqueid_6643,Kenya,1
uniqueid_6644,Kenya,1
uniqueid_6645,Kenya,0
uniqueid_6646,Kenya,0
uniqueid_6647,Kenya,0
uniqueid_6648,Kenya,0
uniqueid_6649,Kenya,0
uniqueid_6650,Kenya,0
uniqueid_6651,Kenya,0
uniqueid_6652,Kenya,0
uniqueid_6653,Kenya,0
uniqueid_6654,Kenya,0
uniqueid_6655,Kenya,0
uniqueid_6656,Kenya,0
uniqueid_6657,Kenya,0
uniqueid_6658,Kenya,0
uniqueid_6659,Kenya,0
uniqueid_6660,Kenya,0
uniqueid_6661,Kenya,0
uniqueid_6662,Kenya,0
uniqueid_6663,Kenya,0
uniqueid_6664,Kenya,0
uniqueid_6665,Kenya,0
uniqueid_6666,Kenya,0
uniqueid_6667,Kenya,0
uniqueid_6668,Kenya,0
uniqueid_6669,Kenya,1
uniqueid_6670,Kenya,0
uniqueid_6671,Kenya,0
uniqueid_6672,Kenya,0
uniqueid_6673,Kenya,1
uniqueid_6674,Kenya,0
uniqueid_6675,Kenya,1
uniqueid_6676,Kenya,1
uniqueid_6677,Kenya,0
uniqueid_6678,Kenya,0
uniqueid_6679,Kenya,0
uniqueid_6680,Kenya,0
uniqueid_6681,Kenya,0
uniqueid_6682,Kenya,0
uniqueid_6683,Kenya,0
uniqueid_6684,Kenya,0
uniqueid_6685,Kenya,0
uniqueid_6686,Kenya,0
uniqueid_6687,Kenya,0
uniqueid_6688,Kenya,0
uniqueid_6689,Kenya,0
uniqueid_6690,Kenya,0
uniqueid_6691,Kenya,0
uniqueid_6692,Kenya,0
uniqueid_6693,Kenya,1
uniqueid_6694,Kenya,0
uniqueid_6695,Kenya,0
uniqueid_6696,Kenya,0
uniqueid_6697,Kenya,0
uniqueid_6698,Kenya,0
uniqueid_6699,Kenya,0
uniqueid_6700,Kenya,0
uniqueid_6701,Kenya,0
uniqueid_6702,Kenya,0
uniqueid_6703,Kenya,0
uniqueid_6704,Kenya,0
uniqueid_6705,Kenya,1
uniqueid_6706,Kenya,0
uniqueid_6707,Kenya,1
uniqueid_6708,Kenya,0
uniqueid_6709,Kenya,0
uniqueid_6710,Kenya,0
uniqueid_6711,Kenya,0
uniqueid_6712,Kenya,0
uniqueid_6713,Kenya,0
uniqueid_6714,Kenya,1
uniqueid_6715,Kenya,1
uniqueid_6716,Kenya,0
uniqueid_6717,Kenya,0
uniqueid_6718,Kenya,0
uniqueid_6719,Kenya,0
uniqueid_6720,Kenya,0
uniqueid_6721,Kenya,0
uniqueid_6722,Kenya,0
uniqueid_6723,Kenya,0
uniqueid_6724,Kenya,1
uniqueid_6725,Kenya,0
uniqueid_6726,Kenya,0
uniqueid_6727,Kenya,1
uniqueid_6728,Kenya,0
uniqueid_6729,Kenya,1
uniqueid_6730,Kenya,0
uniqueid_6731,Kenya,0
uniqueid_6732,Kenya,1
uniqueid_6733,Kenya,0
uniqueid_6734,Kenya,0
uniqueid_6735,Kenya,0
uniqueid_6736,Kenya,0
uniqueid_6737,Kenya,0
uniqueid_6738,Kenya,0
uniqueid_6739,Kenya,0
uniqueid_6740,Kenya,0
uniqueid_6741,Kenya,0
uniqueid_6742,Kenya,0
uniqueid_6743,Kenya,0
uniqueid_6744,Kenya,0
uniqueid_6745,Kenya,0
uniqueid_6746,Kenya,0
uniqueid_6747,Kenya,0
uniqueid_6748,Kenya,1
uniqueid_6749,Kenya,0
uniqueid_6750,Kenya,0
uniqueid_6751,Kenya,0
uniqueid_6752,Kenya,1
uniqueid_6753,Kenya,1
uniqueid_6754,Kenya,0
uniqueid_6755,Kenya,0
uniqueid_6756,Kenya,0
uniqueid_6757,Kenya,1
uniqueid_6758,Kenya,0
uniqueid_6759,Kenya,0
uniqueid_6760,Kenya,0
uniqueid_6761,Kenya,0
uniqueid_6762,Kenya,0
uniqueid_6763,Kenya,0
uniqueid_6764,Kenya,0
uniqueid_6765,Kenya,0
uniqueid_6766,Kenya,0
uniqueid_6767,Kenya,0
uniqueid_6768,Kenya,0
uniqueid_6769,Kenya,0
uniqueid_6770,Kenya,0
uniqueid_6771,Kenya,0
uniqueid_6772,Kenya,0
uniqueid_6773,Kenya,0
uniqueid_6774,Kenya,0
uniqueid_6775,Kenya,0
uniqueid_6776,Kenya,0
uniqueid_6777,Kenya,0
uniqueid_6778,Kenya,1
uniqueid_6779,Kenya,0
uniqueid_6780,Kenya,1
uniqueid_6781,Kenya,0
uniqueid_6782,Kenya,0
uniqueid_6783,Kenya,0
uniqueid_6784,Kenya,1
uniqueid_6785,Kenya,0
uniqueid_6786,Kenya,1
uniqueid_6787,Kenya,0
uniqueid_6788,Kenya,0
uniqueid_6789,Kenya,0
uniqueid_6790,Kenya,0
uniqueid_6791,Kenya,0
uniqueid_6792,Kenya,1
uniqueid_6793,Kenya,0
uniqueid_6794,Kenya,0
uniqueid_6795,Kenya,1
uniqueid_6796,Kenya,0
uniqueid_6797,Kenya,0
uniqueid_6798,Kenya,0
uniqueid_6799,Kenya,0
uniqueid_6800,Kenya,0
uniqueid_6801,Kenya,0
uniqueid_6802,Kenya,0
uniqueid_6803,Kenya,0
uniqueid_6804,Kenya,0
uniqueid_6805,Kenya,1
uniqueid_6806,Kenya,1
uniqueid_6807,Kenya,0
uniqueid_6808,Kenya,0
uniqueid_6809,Kenya,0
uniqueid_6810,Kenya,0
uniqueid_6811,Kenya,0
uniqueid_6812,Kenya,0
uniqueid_6813,Kenya,0
uniqueid_6814,Kenya,0
uniqueid_6815,Kenya,1
uniqueid_6816,Kenya,0
uniqueid_6817,Kenya,0
uniqueid_6818,Kenya,0
uniqueid_6819,Kenya,1
uniqueid_6820,Kenya,0
uniqueid_6821,Kenya,1
uniqueid_6822,Kenya,1
uniqueid_6823,Kenya,1
uniqueid_6824,Kenya,0
uniqueid_6825,Kenya,0
uniqueid_6826,Kenya,0
uniqueid_6827,Kenya,0
uniqueid_6828,Kenya,0
uniqueid_6829,Kenya,0
uniqueid_6830,Kenya,0
uniqueid_6831,Kenya,0
uniqueid_6832,Kenya,0
uniqueid_6833,Kenya,0
uniqueid_6834,Kenya,1
uniqueid_6835,Kenya,0
uniqueid_6836,Kenya,0
uniqueid_6837,Kenya,0
uniqueid_6838,Kenya,1
uniqueid_6839,Kenya,0
uniqueid_6840,Kenya,0
uniqueid_6841,Kenya,1
uniqueid_6842,Kenya,0
uniqueid_6843,Kenya,0
uniqueid_6844,Kenya,0
uniqueid_6845,Kenya,0
uniqueid_6846,Kenya,0
uniqueid_6847,Kenya,0
uniqueid_6848,Kenya,0
uniqueid_6849,Kenya,1
uniqueid_6850,Kenya,1
uniqueid_6851,Kenya,0
uniqueid_6852,Kenya,0
uniqueid_6853,Kenya,1
uniqueid_6854,Kenya,0
uniqueid_6855,Kenya,1
uniqueid_6856,Kenya,0
uniqueid_6857,Kenya,0
uniqueid_6858,Kenya,0
uniqueid_6859,Kenya,0
uniqueid_6860,Kenya,0
uniqueid_6861,Kenya,0
uniqueid_6862,Kenya,1
uniqueid_6863,Kenya,0
uniqueid_6864,Kenya,0
uniqueid_6865,Kenya,0
uniqueid_6866,Kenya,0
uniqueid_6867,Kenya,1
uniqueid_6868,Kenya,0
uniqueid_6869,Kenya,0
uniqueid_6870,Kenya,0
uniqueid_6871,Kenya,1
uniqueid_6872,Kenya,0
uniqueid_6873,Kenya,1
uniqueid_6874,Kenya,0
uniqueid_6875,Kenya,0
uniqueid_6876,Kenya,0
uniqueid_6877,Kenya,0
uniqueid_6878,Kenya,0
uniqueid_6879,Kenya,0
uniqueid_6880,Kenya,0
uniqueid_6881,Kenya,1
uniqueid_6882,Kenya,0
uniqueid_6883,Kenya,0
uniqueid_6884,Kenya,0
uniqueid_6885,Kenya,0
uniqueid_6886,Kenya,0
uniqueid_6887,Kenya,0
uniqueid_6888,Kenya,0
uniqueid_6889,Kenya,0
uniqueid_6890,Kenya,0
uniqueid_6891,Kenya,0
uniqueid_6892,Kenya,0
uniqueid_6893,Kenya,0
uniqueid_6894,Kenya,0
uniqueid_6895,Kenya,0
uniqueid_6896,Kenya,0
uniqueid_6897,Kenya,0
uniqueid_6898,Kenya,0
uniqueid_6899,Kenya,0
uniqueid_6900,Kenya,0
uniqueid_6901,Kenya,0
uniqueid_6902,Kenya,0
uniqueid_6903,Kenya,0
uniqueid_6904,Kenya,0
uniqueid_6905,Kenya,0
uniqueid_6906,Kenya,0
uniqueid_6907,Kenya,0
uniqueid_6908,Kenya,0
uniqueid_6909,Kenya,0
uniqueid_6910,Kenya,0
uniqueid_6911,Kenya,0
uniqueid_6912,Kenya,0
uniqueid_6913,Kenya,0
uniqueid_6914,Kenya,0
uniqueid_6915,Kenya,0
uniqueid_6916,Kenya,0
uniqueid_6917,Kenya,0
uniqueid_6918,Kenya,0
uniqueid_6919,Kenya,0
uniqueid_6920,Kenya,0
uniqueid_6921,Kenya,0
uniqueid_6922,Kenya,1
uniqueid_6923,Kenya,0
uniqueid_6924,Kenya,0
uniqueid_6925,Kenya,0
uniqueid_6926,Kenya,0
uniqueid_6927,Kenya,1
uniqueid_6928,Kenya,0
uniqueid_6929,Kenya,0
uniqueid_6930,Kenya,0
uniqueid_6931,Kenya,0
uniqueid_6932,Kenya,0
uniqueid_6933,Kenya,0
uniqueid_6934,Kenya,0
uniqueid_6935,Kenya,0
uniqueid_6936,Kenya,0
uniqueid_6937,Kenya,0
uniqueid_6938,Kenya,1
uniqueid_6939,Kenya,0
uniqueid_6940,Kenya,0
uniqueid_6941,Kenya,0
uniqueid_6942,Kenya,0
uniqueid_6943,Kenya,0
uniqueid_6944,Kenya,0
uniqueid_6945,Kenya,0
uniqueid_6946,Kenya,0
uniqueid_6947,Kenya,0
uniqueid_6948,Kenya,1
uniqueid_6949,Kenya,0
uniqueid_6950,Kenya,0
uniqueid_6951,Kenya,0
uniqueid_6952,Kenya,0
uniqueid_6953,Kenya,0
uniqueid_6954,Kenya,0
uniqueid_6955,Kenya,0
uniqueid_6956,Kenya,0
uniqueid_6957,Kenya,0
uniqueid_6958,Kenya,0
uniqueid_6959,Kenya,0
uniqueid_6960,Kenya,0
uniqueid_6961,Kenya,1
uniqueid_6962,Kenya,1
uniqueid_6963,Kenya,0
uniqueid_6964,Kenya,0
uniqueid_6965,Kenya,1
uniqueid_6966,Kenya,0
uniqueid_6967,Kenya,0
uniqueid_6968,Kenya,0
uniqueid_6969,Kenya,0
uniqueid_6970,Kenya,0
uniqueid_6971,Kenya,0
uniqueid_6972,Kenya,0
uniqueid_6973,Kenya,0
uniqueid_6974,Kenya,0
uniqueid_6975,Kenya,0
uniqueid_6976,Kenya,0
uniqueid_6977,Kenya,0
uniqueid_6978,Kenya,1
uniqueid_6979,Kenya,1
uniqueid_6980,Kenya,0
uniqueid_6981,Kenya,0
uniqueid_6982,Kenya,0
uniqueid_6983,Kenya,0
uniqueid_6984,Kenya,1
uniqueid_6985,Kenya,0
uniqueid_6986,Kenya,0
uniqueid_6987,Kenya,0
uniqueid_6988,Kenya,0
uniqueid_6989,Kenya,0
uniqueid_6990,Kenya,0
uniqueid_6991,Kenya,0
uniqueid_6992,Kenya,0
uniqueid_6993,Kenya,0
uniqueid_6994,Kenya,0
uniqueid_6995,Kenya,0
uniqueid_6996,Kenya,0
uniqueid_6997,Kenya,1
uniqueid_6998,Kenya,0
uniqueid_6999,Kenya,0
uniqueid_7000,Kenya,0
uniqueid_7001,Kenya,0
uniqueid_7002,Kenya,0
uniqueid_7003,Kenya,0
uniqueid_7004,Kenya,0
uniqueid_7005,Kenya,0
uniqueid_7006,Kenya,0
uniqueid_7007,Kenya,0
uniqueid_7008,Kenya,0
uniqueid_7009,Kenya,0
uniqueid_7010,Kenya,0
uniqueid_7011,Kenya,0
uniqueid_7012,Kenya,0
uniqueid_7013,Kenya,0
uniqueid_7014,Kenya,0
uniqueid_7015,Kenya,0
uniqueid_7016,Kenya,1
uniqueid_7017,Kenya,0
uniqueid_7018,Kenya,0
uniqueid_7019,Kenya,0
uniqueid_7020,Kenya,0
uniqueid_7021,Kenya,0
uniqueid_7022,Kenya,1
uniqueid_7023,Kenya,0
uniqueid_7024,Kenya,0
uniqueid_7025,Kenya,0
uniqueid_7026,Kenya,0
uniqueid_7027,Kenya,0
uniqueid_7028,Kenya,0
uniqueid_7029,Kenya,0
uniqueid_7030,Kenya,0
uniqueid_7031,Kenya,0
uniqueid_7032,Kenya,0
uniqueid_7033,Kenya,0
uniqueid_7034,Kenya,0
uniqueid_7035,Kenya,0
uniqueid_7036,Kenya,0
uniqueid_7037,Kenya,0
uniqueid_7038,Kenya,1
uniqueid_7039,Kenya,0
uniqueid_7040,Kenya,0
uniqueid_7041,Kenya,0
uniqueid_7042,Kenya,0
uniqueid_7043,Kenya,0
uniqueid_7044,Kenya,0
uniqueid_7045,Kenya,0
uniqueid_7046,Kenya,1
uniqueid_7047,Kenya,0
uniqueid_7048,Kenya,0
uniqueid_7049,Kenya,0
uniqueid_7050,Kenya,0
uniqueid_7051,Kenya,0
uniqueid_7052,Kenya,0
uniqueid_7053,Kenya,0
uniqueid_7054,Kenya,0
uniqueid_7055,Kenya,0
uniqueid_7056,Kenya,0
uniqueid_7057,Kenya,1
uniqueid_7058,Kenya,0
uniqueid_7059,Kenya,0
uniqueid_7060,Kenya,0
uniqueid_7061,Kenya,0
uniqueid_7062,Kenya,0
uniqueid_7063,Kenya,0
uniqueid_7064,Kenya,0
uniqueid_7065,Kenya,0
uniqueid_7066,Kenya,0
uniqueid_7067,Kenya,0
uniqueid_7068,Kenya,0
uniqueid_7069,Kenya,0
uniqueid_7070,Kenya,0
uniqueid_7071,Kenya,0
uniqueid_7072,Kenya,0
uniqueid_7073,Kenya,0
uniqueid_7074,Kenya,0
uniqueid_7075,Kenya,0
uniqueid_7076,Kenya,0
uniqueid_7077,Kenya,0
uniqueid_7078,Kenya,0
uniqueid_7079,Kenya,0
uniqueid_7080,Kenya,0
uniqueid_7081,Kenya,0
uniqueid_7082,Kenya,0
uniqueid_7083,Kenya,0
uniqueid_7084,Kenya,0
uniqueid_7085,Kenya,0
uniqueid_7086,Kenya,0
uniqueid_7087,Kenya,0
uniqueid_7088,Kenya,0
uniqueid_7089,Kenya,0
uniqueid_7090,Kenya,0
uniqueid_7091,Kenya,0
uniqueid_7092,Kenya,1
uniqueid_7093,Kenya,0
uniqueid_7094,Kenya,0
uniqueid_7095,Kenya,0
uniqueid_7096,Kenya,0
uniqueid_7097,Kenya,1
uniqueid_7098,Kenya,0
uniqueid_7099,Kenya,0
uniqueid_7100,Kenya,0
uniqueid_7101,Kenya,0
uniqueid_7102,Kenya,0
uniqueid_7103,Kenya,0
uniqueid_7104,Kenya,1
uniqueid_7105,Kenya,1
uniqueid_7106,Kenya,0
uniqueid_7107,Kenya,0
uniqueid_7108,Kenya,0
uniqueid_7109,Kenya,0
uniqueid_7110,Kenya,0
uniqueid_7111,Kenya,0
uniqueid_7112,Kenya,0
uniqueid_7113,Kenya,0
uniqueid_7114,Kenya,1
uniqueid_7115,Kenya,0
uniqueid_7116,Kenya,0
uniqueid_7117,Kenya,0
uniqueid_7118,Kenya,1
uniqueid_7119,Kenya,0
uniqueid_7120,Kenya,0
uniqueid_7121,Kenya,0
uniqueid_7122,Kenya,0
uniqueid_7123,Kenya,0
uniqueid_7124,Kenya,0
uniqueid_7125,Kenya,0
uniqueid_7126,Kenya,0
uniqueid_7127,Kenya,1
uniqueid_7128,Kenya,1
uniqueid_7129,Kenya,0
uniqueid_7130,Kenya,0
uniqueid_7131,Kenya,0
uniqueid_7132,Kenya,0
uniqueid_7133,Kenya,0
uniqueid_7134,Kenya,0
uniqueid_7135,Kenya,0
uniqueid_7136,Kenya,1
uniqueid_7137,Kenya,0
uniqueid_7138,Kenya,0
uniqueid_7139,Kenya,0
uniqueid_7140,Kenya,0
uniqueid_7141,Kenya,0
uniqueid_7142,Kenya,0
uniqueid_7143,Kenya,0
uniqueid_7144,Kenya,1
uniqueid_7145,Kenya,0
uniqueid_7146,Kenya,0
uniqueid_7147,Kenya,0
uniqueid_7148,Kenya,0
uniqueid_7149,Kenya,0
uniqueid_7150,Kenya,0
uniqueid_7151,Kenya,0
uniqueid_7152,Kenya,0
uniqueid_7153,Kenya,0
uniqueid_7154,Kenya,0
uniqueid_7155,Kenya,0
uniqueid_7156,Kenya,0
uniqueid_7157,Kenya,0
uniqueid_7158,Kenya,0
uniqueid_7159,Kenya,1
uniqueid_7160,Kenya,0
uniqueid_7161,Kenya,0
uniqueid_7162,Kenya,1
uniqueid_7163,Kenya,0
uniqueid_7164,Kenya,0
uniqueid_7165,Kenya,0
uniqueid_7166,Kenya,0
uniqueid_7167,Kenya,0
uniqueid_7168,Kenya,0
uniqueid_7169,Kenya,1
uniqueid_7170,Kenya,1
uniqueid_7171,Kenya,1
uniqueid_7172,Kenya,1
uniqueid_7173,Kenya,0
uniqueid_7174,Kenya,0
uniqueid_7175,Kenya,0
uniqueid_7176,Kenya,0
uniqueid_7177,Kenya,0
uniqueid_7178,Kenya,0
uniqueid_7179,Kenya,0
uniqueid_7180,Kenya,0
uniqueid_7181,Kenya,0
uniqueid_7182,Kenya,1
uniqueid_7183,Kenya,0
uniqueid_7184,Kenya,0
uniqueid_7185,Kenya,0
uniqueid_7186,Kenya,0
uniqueid_7187,Kenya,0
uniqueid_7188,Kenya,0
uniqueid_7189,Kenya,0
uniqueid_7190,Kenya,0
uniqueid_7191,Kenya,0
uniqueid_7192,Kenya,0
uniqueid_7193,Kenya,0
uniqueid_7194,Kenya,0
uniqueid_7195,Kenya,0
uniqueid_7196,Kenya,0
uniqueid_7197,Kenya,0
uniqueid_7198,Kenya,0
uniqueid_7199,Kenya,0
uniqueid_7200,Kenya,1
uniqueid_7201,Kenya,0
uniqueid_7202,Kenya,1
uniqueid_7203,Kenya,0
uniqueid_7204,Kenya,0
uniqueid_7205,Kenya,0
uniqueid_7206,Kenya,0
uniqueid_7207,Kenya,0
uniqueid_7208,Kenya,0
uniqueid_7209,Kenya,0
uniqueid_7210,Kenya,0
uniqueid_7211,Kenya,0
uniqueid_7212,Kenya,0
uniqueid_7213,Kenya,0
uniqueid_7214,Kenya,0
uniqueid_7215,Kenya,0
uniqueid_7216,Kenya,0
uniqueid_7217,Kenya,0
uniqueid_7218,Kenya,0
uniqueid_7219,Kenya,0
uniqueid_7220,Kenya,0
uniqueid_7221,Kenya,0
uniqueid_7222,Kenya,0
uniqueid_7223,Kenya,0
uniqueid_7224,Kenya,0
uniqueid_7225,Kenya,0
uniqueid_7226,Kenya,0
uniqueid_7227,Kenya,1
uniqueid_7228,Kenya,0
uniqueid_7229,Kenya,0
uniqueid_7230,Kenya,0
uniqueid_7231,Kenya,0
uniqueid_7232,Kenya,0
uniqueid_7233,Kenya,0
uniqueid_7234,Kenya,0
uniqueid_7235,Kenya,0
uniqueid_7236,Kenya,0
uniqueid_7237,Kenya,0
uniqueid_7238,Kenya,0
uniqueid_7239,Kenya,0
uniqueid_7240,Kenya,1
uniqueid_7241,Kenya,0
uniqueid_7242,Kenya,0
uniqueid_7243,Kenya,0
uniqueid_7244,Kenya,0
uniqueid_7245,Kenya,0
uniqueid_7246,Kenya,0
uniqueid_7247,Kenya,0
uniqueid_7248,Kenya,0
uniqueid_7249,Kenya,0
uniqueid_7250,Kenya,1
uniqueid_7251,Kenya,0
uniqueid_7252,Kenya,0
uniqueid_7253,Kenya,0
uniqueid_7254,Kenya,0
uniqueid_7255,Kenya,0
uniqueid_7256,Kenya,0
uniqueid_7257,Kenya,0
uniqueid_7258,Kenya,0
uniqueid_7259,Kenya,1
uniqueid_7260,Kenya,0
uniqueid_7261,Kenya,0
uniqueid_7262,Kenya,0
uniqueid_7263,Kenya,0
uniqueid_7264,Kenya,1
uniqueid_7265,Kenya,0
uniqueid_7266,Kenya,0
uniqueid_7267,Kenya,0
uniqueid_7268,Kenya,0
uniqueid_7269,Kenya,0
uniqueid_7270,Kenya,0
uniqueid_7271,Kenya,0
uniqueid_7272,Kenya,0
uniqueid_7273,Kenya,1
uniqueid_7274,Kenya,0
uniqueid_7275,Kenya,1
uniqueid_7276,Kenya,0
uniqueid_7277,Kenya,0
uniqueid_7278,Kenya,0
uniqueid_7279,Kenya,0
uniqueid_7280,Kenya,1
uniqueid_7281,Kenya,0
uniqueid_7282,Kenya,0
uniqueid_7283,Kenya,0
uniqueid_7284,Kenya,0
uniqueid_7285,Kenya,0
uniqueid_7286,Kenya,0
uniqueid_7287,Kenya,0
uniqueid_7288,Kenya,0
uniqueid_7289,Kenya,1
uniqueid_7290,Kenya,0
uniqueid_7291,Kenya,0
uniqueid_7292,Kenya,0
uniqueid_7293,Kenya,0
uniqueid_7294,Kenya,0
uniqueid_7295,Kenya,0
uniqueid_7296,Kenya,0
uniqueid_7297,Kenya,0
uniqueid_7298,Kenya,0
uniqueid_7299,Kenya,0
uniqueid_7300,Kenya,1
uniqueid_7301,Kenya,0
uniqueid_7302,Kenya,0
uniqueid_7303,Kenya,0
uniqueid_7304,Kenya,1
uniqueid_7305,Kenya,0
uniqueid_7306,Kenya,0
uniqueid_7307,Kenya,0
uniqueid_7308,Kenya,0
uniqueid_7309,Kenya,1
uniqueid_7310,Kenya,0
uniqueid_7311,Kenya,0
uniqueid_7312,Kenya,0
uniqueid_7313,Kenya,1
uniqueid_7314,Kenya,0
uniqueid_7315,Kenya,0
uniqueid_7316,Kenya,0
uniqueid_7317,Kenya,0
uniqueid_7318,Kenya,0
uniqueid_7319,Kenya,0
uniqueid_7320,Kenya,0
uniqueid_7321,Kenya,0
uniqueid_7322,Kenya,0
uniqueid_7323,Kenya,0
uniqueid_7324,Kenya,0
uniqueid_7325,Kenya,0
uniqueid_7326,Kenya,0
uniqueid_7327,Kenya,0
uniqueid_7328,Kenya,0
uniqueid_7329,Kenya,0
uniqueid_7330,Kenya,0
uniqueid_7331,Kenya,0
uniqueid_7332,Kenya,0
uniqueid_7333,Kenya,1
uniqueid_7334,Kenya,0
uniqueid_7335,Kenya,0
uniqueid_7336,Kenya,0
uniqueid_7337,Kenya,0
uniqueid_7338,Kenya,0
uniqueid_7339,Kenya,0
uniqueid_7340,Kenya,0
uniqueid_7341,Kenya,0
uniqueid_7342,Kenya,0
uniqueid_7343,Kenya,0
uniqueid_7344,Kenya,1
uniqueid_7345,Kenya,0
uniqueid_7346,Kenya,0
uniqueid_7347,Kenya,0
uniqueid_7348,Kenya,0
uniqueid_7349,Kenya,0
uniqueid_7350,Kenya,0
uniqueid_7351,Kenya,0
uniqueid_7352,Kenya,0
uniqueid_7353,Kenya,0
uniqueid_7354,Kenya,0
uniqueid_7355,Kenya,0
uniqueid_7356,Kenya,0
uniqueid_7357,Kenya,0
uniqueid_7358,Kenya,0
uniqueid_7359,Kenya,0
uniqueid_7360,Kenya,0
uniqueid_7361,Kenya,0
uniqueid_7362,Kenya,0
uniqueid_7363,Kenya,0
uniqueid_7364,Kenya,0
uniqueid_7365,Kenya,0
uniqueid_7366,Kenya,0
uniqueid_7367,Kenya,0
uniqueid_7368,Kenya,0
uniqueid_7369,Kenya,0
uniqueid_7370,Kenya,0
uniqueid_7371,Kenya,0
uniqueid_7372,Kenya,0
uniqueid_7373,Kenya,0
uniqueid_7374,Kenya,0
uniqueid_7375,Kenya,0
uniqueid_7376,Kenya,0
uniqueid_7377,Kenya,0
uniqueid_7378,Kenya,0
uniqueid_7379,Kenya,0
uniqueid_7380,Kenya,0
uniqueid_7381,Kenya,0
uniqueid_7382,Kenya,0
uniqueid_7383,Kenya,0
uniqueid_7384,Kenya,0
uniqueid_7385,Kenya,0
uniqueid_7386,Kenya,0
uniqueid_7387,Kenya,0
uniqueid_7388,Kenya,0
uniqueid_7389,Kenya,0
uniqueid_7390,Kenya,0
uniqueid_7391,Kenya,0
uniqueid_7392,Kenya,0
uniqueid_7393,Kenya,0
uniqueid_7394,Kenya,0
uniqueid_7395,Kenya,1
uniqueid_7396,Kenya,0
uniqueid_7397,Kenya,0
uniqueid_7398,Kenya,0
uniqueid_7399,Kenya,0
uniqueid_7400,Kenya,0
uniqueid_7401,Kenya,0
uniqueid_7402,Kenya,0
uniqueid_7403,Kenya,1
uniqueid_7404,Kenya,0
uniqueid_7405,Kenya,1
uniqueid_7406,Kenya,0
uniqueid_7407,Kenya,0
uniqueid_7408,Kenya,0
uniqueid_7409,Kenya,0
uniqueid_7410,Kenya,0
uniqueid_7411,Kenya,0
uniqueid_7412,Kenya,1
uniqueid_7413,Kenya,0
uniqueid_7414,Kenya,0
uniqueid_7415,Kenya,0
uniqueid_7416,Kenya,0
uniqueid_7417,Kenya,1
uniqueid_7418,Kenya,0
uniqueid_7419,Kenya,0
uniqueid_7420,Kenya,0
uniqueid_7421,Kenya,0
uniqueid_7422,Kenya,0
uniqueid_7423,Kenya,0
uniqueid_7424,Kenya,0
uniqueid_7425,Kenya,0
uniqueid_7426,Kenya,0
uniqueid_7427,Kenya,0
uniqueid_7428,Kenya,0
uniqueid_7429,Kenya,0
uniqueid_7430,Kenya,0
uniqueid_7431,Kenya,0
uniqueid_7432,Kenya,0
uniqueid_7433,Kenya,0
uniqueid_7434,Kenya,0
uniqueid_7435,Kenya,1
uniqueid_7436,Kenya,0
uniqueid_7437,Kenya,0
uniqueid_7438,Kenya,0
uniqueid_7439,Kenya,0
uniqueid_7440,Kenya,0
uniqueid_7441,Kenya,0
uniqueid_7442,Kenya,1
uniqueid_7443,Kenya,0
uniqueid_7444,Kenya,0
uniqueid_7445,Kenya,0
uniqueid_7446,Kenya,0
uniqueid_7447,Kenya,0
uniqueid_7448,Kenya,1
uniqueid_7449,Kenya,0
uniqueid_7450,Kenya,0
uniqueid_7451,Kenya,0
uniqueid_7452,Kenya,0
uniqueid_7453,Kenya,0
uniqueid_7454,Kenya,0
uniqueid_7455,Kenya,0
uniqueid_7456,Kenya,0
uniqueid_7457,Kenya,0
uniqueid_7458,Kenya,0
uniqueid_7459,Kenya,0
uniqueid_7460,Kenya,0
uniqueid_7461,Kenya,0
uniqueid_7462,Kenya,0
uniqueid_7463,Kenya,1
uniqueid_7464,Kenya,0
uniqueid_7465,Kenya,0
uniqueid_7466,Kenya,0
uniqueid_7467,Kenya,0
uniqueid_7468,Kenya,0
uniqueid_7469,Kenya,0
uniqueid_7470,Kenya,0
uniqueid_7471,Kenya,0
uniqueid_7472,Kenya,0
uniqueid_7473,Kenya,0
uniqueid_7474,Kenya,0
uniqueid_7475,Kenya,0
uniqueid_7476,Kenya,0
uniqueid_7477,Kenya,1
uniqueid_7478,Kenya,0
uniqueid_7479,Kenya,0
uniqueid_7480,Kenya,0
uniqueid_7481,Kenya,0
uniqueid_7482,Kenya,0
uniqueid_7483,Kenya,0
uniqueid_7484,Kenya,0
uniqueid_7485,Kenya,0
uniqueid_7486,Kenya,0
uniqueid_7487,Kenya,0
uniqueid_7488,Kenya,0
uniqueid_7489,Kenya,0
uniqueid_7490,Kenya,0
uniqueid_7491,Kenya,0
uniqueid_7492,Kenya,1
uniqueid_7493,Kenya,0
uniqueid_7494,Kenya,0
uniqueid_7495,Kenya,0
uniqueid_7496,Kenya,0
uniqueid_7497,Kenya,0
uniqueid_7498,Kenya,0
uniqueid_7499,Kenya,0
uniqueid_7500,Kenya,1
uniqueid_7501,Kenya,0
uniqueid_7502,Kenya,0
uniqueid_7503,Kenya,0
uniqueid_7504,Kenya,0
uniqueid_7505,Kenya,0
uniqueid_7506,Kenya,0
uniqueid_7507,Kenya,0
uniqueid_7508,Kenya,0
uniqueid_7509,Kenya,0
uniqueid_7510,Kenya,0
uniqueid_7511,Kenya,0
uniqueid_7512,Kenya,0
uniqueid_7513,Kenya,0
uniqueid_7514,Kenya,0
uniqueid_7515,Kenya,1
uniqueid_7516,Kenya,0
uniqueid_7517,Kenya,0
uniqueid_7518,Kenya,0
uniqueid_7519,Kenya,0
uniqueid_7520,Kenya,0
uniqueid_7521,Kenya,0
uniqueid_7522,Kenya,0
uniqueid_7523,Kenya,0
uniqueid_7524,Kenya,0
uniqueid_7525,Kenya,0
uniqueid_7526,Kenya,0
uniqueid_7527,Kenya,0
uniqueid_7528,Kenya,0
uniqueid_7529,Kenya,0
uniqueid_7530,Kenya,0
uniqueid_7531,Kenya,0
uniqueid_7532,Kenya,0
uniqueid_7533,Kenya,0
uniqueid_7534,Kenya,0
uniqueid_7535,Kenya,0
uniqueid_7536,Kenya,0
uniqueid_7537,Kenya,0
uniqueid_7538,Kenya,0
uniqueid_7539,Kenya,0
uniqueid_7540,Kenya,0
uniqueid_7541,Kenya,0
uniqueid_7542,Kenya,0
uniqueid_7543,Kenya,0
uniqueid_7544,Kenya,0
uniqueid_7545,Kenya,0
uniqueid_7546,Kenya,0
uniqueid_7547,Kenya,0
uniqueid_7548,Kenya,0
uniqueid_7549,Kenya,0
uniqueid_7550,Kenya,0
uniqueid_7551,Kenya,0
uniqueid_7552,Kenya,0
uniqueid_7553,Kenya,0
uniqueid_7554,Kenya,0
uniqueid_7555,Kenya,1
uniqueid_7556,Kenya,1
uniqueid_7557,Kenya,0
uniqueid_7558,Kenya,0
uniqueid_7559,Kenya,0
uniqueid_7560,Kenya,0
uniqueid_7561,Kenya,0
uniqueid_7562,Kenya,1
uniqueid_7563,Kenya,0
uniqueid_7564,Kenya,0
uniqueid_7565,Kenya,1
uniqueid_7566,Kenya,0
uniqueid_7567,Kenya,0
uniqueid_7568,Kenya,0
uniqueid_7569,Kenya,0
uniqueid_7570,Kenya,0
uniqueid_7571,Kenya,0
uniqueid_7572,Kenya,0
uniqueid_7573,Kenya,0
uniqueid_7574,Kenya,0
uniqueid_7575,Kenya,0
uniqueid_7576,Kenya,0
uniqueid_7577,Kenya,0
uniqueid_7578,Kenya,0
uniqueid_7579,Kenya,0
uniqueid_7580,Kenya,0
uniqueid_7581,Kenya,0
uniqueid_7582,Kenya,0
uniqueid_7583,Kenya,0
uniqueid_7584,Kenya,0
uniqueid_7585,Kenya,0
uniqueid_7586,Kenya,0
uniqueid_7587,Kenya,0
uniqueid_7588,Kenya,0
uniqueid_7589,Kenya,0
uniqueid_7590,Kenya,0
uniqueid_7591,Kenya,1
uniqueid_7592,Kenya,0
uniqueid_7593,Kenya,0
uniqueid_7594,Kenya,0
uniqueid_7595,Kenya,0
uniqueid_7596,Kenya,0
uniqueid_7597,Kenya,0
uniqueid_7598,Kenya,0
uniqueid_7599,Kenya,0
uniqueid_7600,Kenya,0
uniqueid_7601,Kenya,0
uniqueid_7602,Kenya,1
uniqueid_7603,Kenya,0
uniqueid_7604,Kenya,0
uniqueid_7605,Kenya,0
uniqueid_7606,Kenya,0
uniqueid_7607,Kenya,0
uniqueid_7608,Kenya,1
uniqueid_7609,Kenya,0
uniqueid_7610,Kenya,0
uniqueid_7611,Kenya,0
uniqueid_7612,Kenya,0
uniqueid_7613,Kenya,0
uniqueid_7614,Kenya,0
uniqueid_7615,Kenya,0
uniqueid_7616,Kenya,0
uniqueid_7617,Kenya,0
uniqueid_7618,Kenya,1
uniqueid_7619,Kenya,0
uniqueid_7620,Kenya,0
uniqueid_7621,Kenya,0
uniqueid_7622,Kenya,0
uniqueid_7623,Kenya,0
uniqueid_7624,Kenya,0
uniqueid_7625,Kenya,0
uniqueid_7626,Kenya,0
uniqueid_7627,Kenya,0
uniqueid_7628,Kenya,0
uniqueid_7629,Kenya,0
uniqueid_7630,Kenya,0
uniqueid_7631,Kenya,0
uniqueid_7632,Kenya,0
uniqueid_7633,Kenya,0
uniqueid_7634,Kenya,0
uniqueid_7635,Kenya,0
uniqueid_7636,Kenya,0
uniqueid_7637,Kenya,0
uniqueid_7638,Kenya,0
uniqueid_7639,Kenya,0
uniqueid_7640,Kenya,0
uniqueid_7641,Kenya,0
uniqueid_7642,Kenya,0
uniqueid_7643,Kenya,0
uniqueid_7644,Kenya,0
uniqueid_7645,Kenya,0
uniqueid_7646,Kenya,1
uniqueid_7647,Kenya,0
uniqueid_7648,Kenya,0
uniqueid_7649,Kenya,0
uniqueid_7650,Kenya,0
uniqueid_7651,Kenya,0
uniqueid_7652,Kenya,0
uniqueid_7653,Kenya,0
uniqueid_7654,Kenya,0
uniqueid_7655,Kenya,0
uniqueid_7656,Kenya,0
uniqueid_7657,Kenya,0
uniqueid_7658,Kenya,0
uniqueid_7659,Kenya,0
uniqueid_7660,Kenya,0
uniqueid_7661,Kenya,0
uniqueid_7662,Kenya,0
uniqueid_7663,Kenya,0
uniqueid_7664,Kenya,0
uniqueid_7665,Kenya,0
uniqueid_7666,Kenya,0
uniqueid_7667,Kenya,0
uniqueid_7668,Kenya,1
uniqueid_7669,Kenya,0
uniqueid_7670,Kenya,0
uniqueid_7671,Kenya,0
uniqueid_7672,Kenya,0
uniqueid_7673,Kenya,0
uniqueid_7674,Kenya,0
uniqueid_7675,Kenya,0
uniqueid_7676,Kenya,0
uniqueid_7677,Kenya,0
uniqueid_7678,Kenya,0
uniqueid_7679,Kenya,0
uniqueid_7680,Kenya,0
uniqueid_7681,Kenya,0
uniqueid_7682,Kenya,0
uniqueid_7683,Kenya,0
uniqueid_7684,Kenya,0
uniqueid_7685,Kenya,1
uniqueid_7686,Kenya,0
uniqueid_7687,Kenya,0
uniqueid_7688,Kenya,0
uniqueid_7689,Kenya,0
uniqueid_7690,Kenya,0
uniqueid_7691,Kenya,0
uniqueid_7692,Kenya,0
uniqueid_7693,Kenya,0
uniqueid_7694,Kenya,0
uniqueid_7695,Kenya,0
uniqueid_7696,Kenya,0
uniqueid_7697,Kenya,0
uniqueid_7698,Kenya,0
uniqueid_7699,Kenya,0
uniqueid_7700,Kenya,0
uniqueid_7701,Kenya,0
uniqueid_7702,Kenya,0
uniqueid_7703,Kenya,1
uniqueid_7704,Kenya,0
uniqueid_7705,Kenya,0
uniqueid_7706,Kenya,0
uniqueid_7707,Kenya,0
uniqueid_7708,Kenya,0
uniqueid_7709,Kenya,0
uniqueid_7710,Kenya,1
uniqueid_7711,Kenya,0
uniqueid_7712,Kenya,0
uniqueid_7713,Kenya,0
uniqueid_7714,Kenya,0
uniqueid_7715,Kenya,1
uniqueid_7716,Kenya,0
uniqueid_7717,Kenya,0
uniqueid_7718,Kenya,0
uniqueid_7719,Kenya,0
uniqueid_7720,Kenya,0
uniqueid_7721,Kenya,0
uniqueid_7722,Kenya,0
uniqueid_7723,Kenya,0
uniqueid_7724,Kenya,0
uniqueid_7725,Kenya,0
uniqueid_7726,Kenya,0
uniqueid_7727,Kenya,0
uniqueid_7728,Kenya,0
uniqueid_7729,Kenya,0
uniqueid_7730,Kenya,0
uniqueid_7731,Kenya,0
uniqueid_7732,Kenya,0
uniqueid_7733,Kenya,0
uniqueid_7734,Kenya,0
uniqueid_7735,Kenya,0
uniqueid_7736,Kenya,0
uniqueid_7737,Kenya,0
uniqueid_7738,Kenya,0
uniqueid_7739,Kenya,0
uniqueid_7740,Kenya,0
uniqueid_7741,Kenya,0
uniqueid_7742,Kenya,0
uniqueid_7743,Kenya,0
uniqueid_7744,Kenya,0
uniqueid_7745,Kenya,0
uniqueid_7746,Kenya,0
uniqueid_7747,Kenya,0
uniqueid_7748,Kenya,0
uniqueid_7749,Kenya,0
uniqueid_7750,Kenya,0
uniqueid_7751,Kenya,0
uniqueid_7752,Kenya,0
uniqueid_7753,Kenya,0
uniqueid_7754,Kenya,0
uniqueid_7755,Kenya,0
uniqueid_7756,Kenya,0
uniqueid_7757,Kenya,0
uniqueid_7758,Kenya,1
uniqueid_7759,Kenya,1
uniqueid_7760,Kenya,0
uniqueid_7761,Kenya,0
uniqueid_7762,Kenya,0
uniqueid_7763,Kenya,0
uniqueid_7764,Kenya,0
uniqueid_7765,Kenya,0
uniqueid_7766,Kenya,0
uniqueid_7767,Kenya,1
uniqueid_7768,Kenya,0
uniqueid_7769,Kenya,0
uniqueid_7770,Kenya,0
uniqueid_7771,Kenya,1
uniqueid_7772,Kenya,0
uniqueid_7773,Kenya,0
uniqueid_7774,Kenya,0
uniqueid_7775,Kenya,0
uniqueid_7776,Kenya,1
uniqueid_7777,Kenya,0
uniqueid_7778,Kenya,0
uniqueid_7779,Kenya,0
uniqueid_7780,Kenya,0
uniqueid_7781,Kenya,0
uniqueid_7782,Kenya,0
uniqueid_7783,Kenya,0
uniqueid_7784,Kenya,0
uniqueid_7785,Kenya,0
uniqueid_7786,Kenya,0
uniqueid_7787,Kenya,0
uniqueid_7788,Kenya,0
uniqueid_7789,Kenya,1
uniqueid_7790,Kenya,0
uniqueid_7791,Kenya,0
uniqueid_7792,Kenya,0
uniqueid_7793,Kenya,0
uniqueid_7794,Kenya,0
uniqueid_7795,Kenya,0
uniqueid_7796,Kenya,0
uniqueid_7797,Kenya,0
uniqueid_7798,Kenya,0
uniqueid_7799,Kenya,0
uniqueid_7800,Kenya,0
uniqueid_7801,Kenya,0
uniqueid_7802,Kenya,0
uniqueid_7803,Kenya,0
uniqueid_7804,Kenya,0
uniqueid_7805,Kenya,0
uniqueid_7806,Kenya,0
uniqueid_7807,Kenya,0
uniqueid_7808,Kenya,0
uniqueid_7809,Kenya,0
uniqueid_7810,Kenya,0
uniqueid_7811,Kenya,0
uniqueid_7812,Kenya,0
uniqueid_7813,Kenya,0
uniqueid_7814,Kenya,0
uniqueid_7815,Kenya,0
uniqueid_7816,Kenya,0
uniqueid_7817,Kenya,0
uniqueid_7818,Kenya,0
uniqueid_7819,Kenya,0
uniqueid_7820,Kenya,0
uniqueid_7821,Kenya,0
uniqueid_7822,Kenya,0
uniqueid_7823,Kenya,0
uniqueid_7824,Kenya,0
uniqueid_7825,Kenya,1
uniqueid_7826,Kenya,0
uniqueid_7827,Kenya,0
uniqueid_7828,Kenya,0
uniqueid_7829,Kenya,0
uniqueid_7830,Kenya,0
uniqueid_7831,Kenya,0
uniqueid_7832,Kenya,0
uniqueid_7833,Kenya,0
uniqueid_7834,Kenya,0
uniqueid_7835,Kenya,0
uniqueid_7836,Kenya,0
uniqueid_7837,Kenya,0
uniqueid_7838,Kenya,0
uniqueid_7839,Kenya,0
uniqueid_7840,Kenya,0
uniqueid_7841,Kenya,0
uniqueid_7842,Kenya,0
uniqueid_7843,Kenya,0
uniqueid_7844,Kenya,0
uniqueid_7845,Kenya,0
uniqueid_7846,Kenya,0
uniqueid_7847,Kenya,0
uniqueid_7848,Kenya,0
uniqueid_7849,Kenya,0
uniqueid_7850,Kenya,0
uniqueid_7851,Kenya,0
uniqueid_7852,Kenya,0
uniqueid_7853,Kenya,0
uniqueid_7854,Kenya,0
uniqueid_7855,Kenya,0
uniqueid_7856,Kenya,0
uniqueid_7857,Kenya,0
uniqueid_7858,Kenya,0
uniqueid_7859,Kenya,0
uniqueid_7860,Kenya,0
uniqueid_7861,Kenya,0
uniqueid_7862,Kenya,0
uniqueid_7863,Kenya,0
uniqueid_7864,Kenya,0
uniqueid_7865,Kenya,0
uniqueid_7866,Kenya,0
uniqueid_7867,Kenya,0
uniqueid_7868,Kenya,1
uniqueid_7869,Kenya,0
uniqueid_7870,Kenya,0
uniqueid_7871,Kenya,0
uniqueid_7872,Kenya,1
uniqueid_7873,Kenya,0
uniqueid_7874,Kenya,0
uniqueid_7875,Kenya,0
uniqueid_7876,Kenya,0
uniqueid_7877,Kenya,0
uniqueid_7878,Kenya,0
uniqueid_7879,Kenya,0
uniqueid_7880,Kenya,0
uniqueid_7881,Kenya,0
uniqueid_7882,Kenya,0
uniqueid_7883,Kenya,0
uniqueid_7884,Kenya,0
uniqueid_7885,Kenya,0
uniqueid_7886,Kenya,0
uniqueid_7887,Kenya,0
uniqueid_7888,Kenya,0
uniqueid_7889,Kenya,0
uniqueid_7890,Kenya,0
uniqueid_7891,Kenya,0
uniqueid_7892,Kenya,0
uniqueid_7893,Kenya,0
uniqueid_7894,Kenya,0
uniqueid_7895,Kenya,0
uniqueid_7896,Kenya,0
uniqueid_7897,Kenya,0
uniqueid_7898,Kenya,0
uniqueid_7899,Kenya,0
uniqueid_7900,Kenya,0
uniqueid_7901,Kenya,0
uniqueid_7902,Kenya,0
uniqueid_7903,Kenya,0
uniqueid_7904,Kenya,0
uniqueid_7905,Kenya,0
uniqueid_7906,Kenya,0
uniqueid_7907,Kenya,0
uniqueid_7908,Kenya,1
uniqueid_7909,Kenya,1
uniqueid_7910,Kenya,0
uniqueid_7911,Kenya,0
uniqueid_7912,Kenya,0
uniqueid_7913,Kenya,0
uniqueid_7914,Kenya,0
uniqueid_7915,Kenya,0
uniqueid_7916,Kenya,0
uniqueid_7917,Kenya,0
uniqueid_7918,Kenya,0
uniqueid_7919,Kenya,0
uniqueid_7920,Kenya,0
uniqueid_7921,Kenya,0
uniqueid_7922,Kenya,0
uniqueid_7923,Kenya,0
uniqueid_7924,Kenya,0
uniqueid_7925,Kenya,0
uniqueid_7926,Kenya,0
uniqueid_7927,Kenya,0
uniqueid_7928,Kenya,1
uniqueid_7929,Kenya,1
uniqueid_7930,Kenya,0
uniqueid_7931,Kenya,0
uniqueid_7932,Kenya,0
uniqueid_7933,Kenya,0
uniqueid_7934,Kenya,0
uniqueid_7935,Kenya,0
uniqueid_7936,Kenya,0
uniqueid_7937,Kenya,0
uniqueid_7938,Kenya,0
uniqueid_7939,Kenya,0
uniqueid_7940,Kenya,1
uniqueid_7941,Kenya,0
uniqueid_7942,Kenya,0
uniqueid_7943,Kenya,0
uniqueid_7944,Kenya,0
uniqueid_7945,Kenya,1
uniqueid_7946,Kenya,0
uniqueid_7947,Kenya,0
uniqueid_7948,Kenya,0
uniqueid_7949,Kenya,0
uniqueid_7950,Kenya,0
uniqueid_7951,Kenya,0
uniqueid_7952,Kenya,1
uniqueid_7953,Kenya,0
uniqueid_7954,Kenya,0
uniqueid_7955,Kenya,0
uniqueid_7956,Kenya,0
uniqueid_7957,Kenya,0
uniqueid_7958,Kenya,0
uniqueid_7959,Kenya,1
uniqueid_7960,Kenya,0
uniqueid_7961,Kenya,0
uniqueid_7962,Kenya,0
uniqueid_7963,Kenya,0
uniqueid_7964,Kenya,0
uniqueid_7965,Kenya,0
uniqueid_7966,Kenya,0
uniqueid_7967,Kenya,0
uniqueid_7968,Kenya,0
uniqueid_7969,Kenya,0
uniqueid_7970,Kenya,0
uniqueid_7971,Kenya,0
uniqueid_7972,Kenya,1
uniqueid_7973,Kenya,1
uniqueid_7974,Kenya,0
uniqueid_7975,Kenya,0
uniqueid_7976,Kenya,0
uniqueid_7977,Kenya,0
uniqueid_7978,Kenya,0
uniqueid_7979,Kenya,0
uniqueid_7980,Kenya,0
uniqueid_7981,Kenya,0
uniqueid_7982,Kenya,0
uniqueid_7983,Kenya,0
uniqueid_7984,Kenya,0
uniqueid_7985,Kenya,0
uniqueid_7986,Kenya,0
uniqueid_7987,Kenya,0
uniqueid_7988,Kenya,0
uniqueid_7989,Kenya,0
uniqueid_7990,Kenya,1
uniqueid_7991,Kenya,0
uniqueid_7992,Kenya,1
uniqueid_7993,Kenya,0
uniqueid_7994,Kenya,1
uniqueid_7995,Kenya,1
uniqueid_7996,Kenya,0
uniqueid_7997,Kenya,0
uniqueid_7998,Kenya,0
uniqueid_7999,Kenya,0
uniqueid_8000,Kenya,0
uniqueid_8001,Kenya,0
uniqueid_8002,Kenya,0
uniqueid_8003,Kenya,0
uniqueid_8004,Kenya,0
uniqueid_8005,Kenya,0
uniqueid_8006,Kenya,0
uniqueid_8007,Kenya,0
uniqueid_8008,Kenya,0
uniqueid_8009,Kenya,0
uniqueid_8010,Kenya,0
uniqueid_8011,Kenya,0
uniqueid_8012,Kenya,0
uniqueid_8013,Kenya,0
uniqueid_8014,Kenya,0
uniqueid_8015,Kenya,0
uniqueid_8016,Kenya,1
uniqueid_8017,Kenya,0
uniqueid_8018,Kenya,0
uniqueid_8019,Kenya,0
uniqueid_8020,Kenya,0
uniqueid_8021,Kenya,0
uniqueid_8022,Kenya,0
uniqueid_8023,Kenya,0
uniqueid_8024,Kenya,0
uniqueid_8025,Kenya,0
uniqueid_8026,Kenya,0
uniqueid_8027,Kenya,0
uniqueid_8028,Kenya,0
uniqueid_8029,Kenya,0
uniqueid_8030,Kenya,0
uniqueid_8031,Kenya,1
uniqueid_8032,Kenya,0
uniqueid_8033,Kenya,0
uniqueid_8034,Kenya,0
uniqueid_8035,Kenya,0
uniqueid_8036,Kenya,0
uniqueid_8037,Kenya,0
uniqueid_8038,Kenya,0
uniqueid_8039,Kenya,0
uniqueid_8040,Kenya,0
uniqueid_8041,Kenya,0
uniqueid_8042,Kenya,1
uniqueid_8043,Kenya,0
uniqueid_8044,Kenya,0
uniqueid_8045,Kenya,0
uniqueid_8046,Kenya,0
uniqueid_8047,Kenya,0
uniqueid_8048,Kenya,0
uniqueid_8049,Kenya,0
uniqueid_8050,Kenya,0
uniqueid_8051,Kenya,1
uniqueid_8052,Kenya,1
uniqueid_8053,Kenya,0
uniqueid_8054,Kenya,0
uniqueid_8055,Kenya,0
uniqueid_8056,Kenya,0
uniqueid_8057,Kenya,0
uniqueid_8058,Kenya,1
uniqueid_8059,Kenya,0
uniqueid_8060,Kenya,0
uniqueid_8061,Kenya,0
uniqueid_8062,Kenya,0
uniqueid_8063,Kenya,0
uniqueid_8064,Kenya,0
uniqueid_8065,Kenya,0
uniqueid_8066,Kenya,0
uniqueid_8067,Kenya,0
uniqueid_8068,Kenya,0
uniqueid_8069,Kenya,0
uniqueid_8070,Kenya,0
uniqueid_8071,Kenya,0
uniqueid_8072,Kenya,0
uniqueid_8073,Kenya,1
uniqueid_8074,Kenya,0
uniqueid_8075,Kenya,0
uniqueid_8076,Kenya,0
uniqueid_8077,Kenya,0
uniqueid_8078,Kenya,0
uniqueid_8079,Kenya,1
uniqueid_8080,Kenya,0
uniqueid_8081,Kenya,0
uniqueid_8082,Kenya,0
uniqueid_8083,Kenya,0
uniqueid_8084,Kenya,0
uniqueid_8085,Kenya,0
uniqueid_8086,Kenya,0
uniqueid_8087,Kenya,1
uniqueid_8088,Kenya,1
uniqueid_8089,Kenya,0
uniqueid_8090,Kenya,0
uniqueid_8091,Kenya,0
uniqueid_8092,Kenya,0
uniqueid_8093,Kenya,0
uniqueid_8094,Kenya,0
uniqueid_8095,Kenya,0
uniqueid_8096,Kenya,0
uniqueid_8097,Kenya,0
uniqueid_8098,Kenya,0
uniqueid_8099,Kenya,0
uniqueid_8100,Kenya,0
uniqueid_8101,Kenya,0
uniqueid_8102,Kenya,0
uniqueid_8103,Kenya,1
uniqueid_8104,Kenya,0
uniqueid_8105,Kenya,1
uniqueid_8106,Kenya,0
uniqueid_8107,Kenya,0
uniqueid_8108,Kenya,0
uniqueid_8109,Kenya,0
uniqueid_8110,Kenya,0
uniqueid_8111,Kenya,0
uniqueid_8112,Kenya,0
uniqueid_8113,Kenya,0
uniqueid_8114,Kenya,0
uniqueid_8115,Kenya,0
uniqueid_8116,Kenya,0
uniqueid_8117,Kenya,0
uniqueid_8118,Kenya,0
uniqueid_8119,Kenya,0
uniqueid_8120,Kenya,1
uniqueid_8121,Kenya,1
uniqueid_8122,Kenya,0
uniqueid_8123,Kenya,0
uniqueid_8124,Kenya,0
uniqueid_8125,Kenya,0
uniqueid_8126,Kenya,0
uniqueid_8127,Kenya,1
uniqueid_8128,Kenya,0
uniqueid_8129,Kenya,0
uniqueid_8130,Kenya,0
uniqueid_8131,Kenya,0
uniqueid_8132,Kenya,0
uniqueid_8133,Kenya,0
uniqueid_8134,Kenya,0
uniqueid_8135,Kenya,1
uniqueid_8136,Kenya,1
uniqueid_8137,Kenya,1
uniqueid_8138,Kenya,1
uniqueid_8139,Kenya,0
uniqueid_8140,Kenya,0
uniqueid_8141,Kenya,0
uniqueid_8142,Kenya,0
uniqueid_8143,Kenya,1
uniqueid_8144,Kenya,0
uniqueid_8145,Kenya,0
uniqueid_8146,Kenya,0
uniqueid_8147,Kenya,0
uniqueid_8148,Kenya,1
uniqueid_8149,Kenya,1
uniqueid_8150,Kenya,0
uniqueid_8151,Kenya,0
uniqueid_8152,Kenya,0
uniqueid_8153,Kenya,0
uniqueid_8154,Kenya,0
uniqueid_8155,Kenya,0
uniqueid_8156,Kenya,0
uniqueid_8157,Kenya,0
uniqueid_8158,Kenya,0
uniqueid_8159,Kenya,0
uniqueid_8160,Kenya,0
uniqueid_8161,Kenya,0
uniqueid_8162,Kenya,0
uniqueid_8163,Kenya,0
uniqueid_8164,Kenya,0
uniqueid_8165,Kenya,0
uniqueid_8166,Kenya,0
uniqueid_8167,Kenya,0
uniqueid_8168,Kenya,0
uniqueid_8169,Kenya,0
uniqueid_8170,Kenya,0
uniqueid_8171,Kenya,0
uniqueid_8172,Kenya,1
uniqueid_8173,Kenya,1
uniqueid_8174,Kenya,0
uniqueid_8175,Kenya,0
uniqueid_8176,Kenya,1
uniqueid_8177,Kenya,1
uniqueid_8178,Kenya,0
uniqueid_8179,Kenya,0
uniqueid_8180,Kenya,0
uniqueid_8181,Kenya,1
uniqueid_8182,Kenya,0
uniqueid_8183,Kenya,0
uniqueid_8184,Kenya,0
uniqueid_8185,Kenya,0
uniqueid_8186,Kenya,0
uniqueid_8187,Kenya,0
uniqueid_8188,Kenya,0
uniqueid_8189,Kenya,0
uniqueid_8190,Kenya,0
uniqueid_8191,Kenya,1
uniqueid_8192,Kenya,0
uniqueid_8193,Kenya,0
uniqueid_8194,Kenya,0
uniqueid_8195,Kenya,0
uniqueid_8196,Kenya,0
uniqueid_8197,Kenya,0
uniqueid_8198,Kenya,0
uniqueid_8199,Kenya,0
uniqueid_8200,Kenya,0
uniqueid_8201,Kenya,0
uniqueid_8202,Kenya,0
uniqueid_8203,Kenya,0
uniqueid_8204,Kenya,0
uniqueid_8205,Kenya,0
uniqueid_8206,Kenya,0
uniqueid_8207,Kenya,0
uniqueid_8208,Kenya,0
uniqueid_8209,Kenya,1
uniqueid_8210,Kenya,0
uniqueid_8211,Kenya,0
uniqueid_8212,Kenya,0
uniqueid_8213,Kenya,0
uniqueid_8214,Kenya,0
uniqueid_8215,Kenya,0
uniqueid_8216,Kenya,0
uniqueid_8217,Kenya,0
uniqueid_8218,Kenya,0
uniqueid_8219,Kenya,0
uniqueid_8220,Kenya,0
uniqueid_8221,Kenya,0
uniqueid_8222,Kenya,0
uniqueid_8223,Kenya,0
uniqueid_8224,Kenya,0
uniqueid_8225,Kenya,0
uniqueid_8226,Kenya,0
uniqueid_8227,Kenya,0
uniqueid_8228,Kenya,0
uniqueid_8229,Kenya,0
uniqueid_8230,Kenya,1
uniqueid_8231,Kenya,0
uniqueid_8232,Kenya,1
uniqueid_8233,Kenya,0
uniqueid_8234,Kenya,1
uniqueid_8235,Kenya,0
uniqueid_8236,Kenya,1
uniqueid_8237,Kenya,0
uniqueid_8238,Kenya,0
uniqueid_8239,Kenya,0
uniqueid_8240,Kenya,0
uniqueid_8241,Kenya,0
uniqueid_8242,Kenya,1
uniqueid_8243,Kenya,0
uniqueid_8244,Kenya,0
uniqueid_8245,Kenya,0
uniqueid_8246,Kenya,0
uniqueid_8247,Kenya,1
uniqueid_8248,Kenya,0
uniqueid_8249,Kenya,0
uniqueid_8250,Kenya,0
uniqueid_8251,Kenya,0
uniqueid_8252,Kenya,1
uniqueid_8253,Kenya,1
uniqueid_8254,Kenya,0
uniqueid_8255,Kenya,0
uniqueid_8256,Kenya,1
uniqueid_8257,Kenya,1
uniqueid_8258,Kenya,0
uniqueid_8259,Kenya,0
uniqueid_8260,Kenya,0
uniqueid_8261,Kenya,0
uniqueid_8262,Kenya,0
uniqueid_8263,Kenya,0
uniqueid_8264,Kenya,0
uniqueid_8265,Kenya,0
uniqueid_8266,Kenya,0
uniqueid_8267,Kenya,0
uniqueid_8268,Kenya,0
uniqueid_8269,Kenya,0
uniqueid_8270,Kenya,0
uniqueid_8271,Kenya,0
uniqueid_8272,Kenya,0
uniqueid_8273,Kenya,0
uniqueid_8274,Kenya,0
uniqueid_8275,Kenya,0
uniqueid_8276,Kenya,0
uniqueid_8277,Kenya,0
uniqueid_8278,Kenya,0
uniqueid_8279,Kenya,0
uniqueid_8280,Kenya,0
uniqueid_8281,Kenya,1
uniqueid_8282,Kenya,0
uniqueid_8283,Kenya,0
uniqueid_8284,Kenya,1
uniqueid_8285,Kenya,0
uniqueid_8286,Kenya,0
uniqueid_8287,Kenya,0
uniqueid_8288,Kenya,0
uniqueid_8289,Kenya,0
uniqueid_8290,Kenya,0
uniqueid_8291,Kenya,0
uniqueid_8292,Kenya,0
uniqueid_8293,Kenya,0
uniqueid_8294,Kenya,0
uniqueid_8295,Kenya,1
uniqueid_8296,Kenya,1
uniqueid_8297,Kenya,0
uniqueid_8298,Kenya,0
uniqueid_8299,Kenya,0
uniqueid_8300,Kenya,0
uniqueid_8301,Kenya,0
uniqueid_8302,Kenya,0
uniqueid_8303,Kenya,0
uniqueid_8304,Kenya,1
uniqueid_8305,Kenya,0
uniqueid_8306,Kenya,0
uniqueid_8307,Kenya,1
uniqueid_8308,Kenya,0
uniqueid_8309,Kenya,0
uniqueid_8310,Kenya,0
uniqueid_8311,Kenya,0
uniqueid_8312,Kenya,0
uniqueid_8313,Kenya,0
uniqueid_8314,Kenya,0
uniqueid_8315,Kenya,0
uniqueid_8316,Kenya,0
uniqueid_8317,Kenya,0
uniqueid_8318,Kenya,0
uniqueid_8319,Kenya,0
uniqueid_8320,Kenya,0
uniqueid_8321,Kenya,0
uniqueid_8322,Kenya,0
uniqueid_8323,Kenya,0
uniqueid_8324,Kenya,0
uniqueid_8325,Kenya,1
uniqueid_8326,Kenya,0
uniqueid_8327,Kenya,0
uniqueid_8328,Kenya,0
uniqueid_8329,Kenya,0
uniqueid_8330,Kenya,0
uniqueid_8331,Kenya,1
uniqueid_8332,Kenya,0
uniqueid_8333,Kenya,0
uniqueid_8334,Kenya,0
uniqueid_8335,Kenya,0
uniqueid_8336,Kenya,0
uniqueid_8337,Kenya,0
uniqueid_8338,Kenya,0
uniqueid_8339,Kenya,0
uniqueid_8340,Kenya,0
uniqueid_8341,Kenya,0
uniqueid_8342,Kenya,0
uniqueid_8343,Kenya,0
uniqueid_8344,Kenya,0
uniqueid_8345,Kenya,0
uniqueid_8346,Kenya,0
uniqueid_8347,Kenya,0
uniqueid_8348,Kenya,0
uniqueid_8349,Kenya,0
uniqueid_8350,Kenya,0
uniqueid_8351,Kenya,0
uniqueid_8352,Kenya,0
uniqueid_8353,Kenya,0
uniqueid_8354,Kenya,0
uniqueid_8355,Kenya,0
uniqueid_8356,Kenya,0
uniqueid_8357,Kenya,0
uniqueid_8358,Kenya,0
uniqueid_8359,Kenya,0
uniqueid_8360,Kenya,0
uniqueid_8361,Kenya,0
uniqueid_8362,Kenya,1
uniqueid_8363,Kenya,0
uniqueid_8364,Kenya,0
uniqueid_8365,Kenya,0
uniqueid_8366,Kenya,0
uniqueid_8367,Kenya,0
uniqueid_8368,Kenya,0
uniqueid_8369,Kenya,1
uniqueid_8370,Kenya,0
uniqueid_8371,Kenya,0
uniqueid_8372,Kenya,0
uniqueid_8373,Kenya,0
uniqueid_8374,Kenya,0
uniqueid_8375,Kenya,0
uniqueid_8376,Kenya,0
uniqueid_8377,Kenya,0
uniqueid_8378,Kenya,0
uniqueid_8379,Kenya,0
uniqueid_8380,Kenya,0
uniqueid_8381,Kenya,0
uniqueid_8382,Kenya,1
uniqueid_8383,Kenya,0
uniqueid_8384,Kenya,0
uniqueid_8385,Kenya,0
uniqueid_8386,Kenya,0
uniqueid_8387,Kenya,0
uniqueid_8388,Kenya,0
uniqueid_8389,Kenya,0
uniqueid_8390,Kenya,0
uniqueid_8391,Kenya,1
uniqueid_8392,Kenya,0
uniqueid_8393,Kenya,0
uniqueid_8394,Kenya,0
uniqueid_8395,Kenya,0
uniqueid_8396,Kenya,0
uniqueid_8397,Kenya,0
uniqueid_8398,Kenya,0
uniqueid_8399,Kenya,0
uniqueid_8400,Kenya,0
uniqueid_8401,Kenya,0
uniqueid_8402,Kenya,1
uniqueid_8403,Kenya,0
uniqueid_8404,Kenya,0
uniqueid_8405,Kenya,1
uniqueid_8406,Kenya,0
uniqueid_8407,Kenya,0
uniqueid_8408,Kenya,0
uniqueid_8409,Kenya,1
uniqueid_8410,Kenya,0
uniqueid_8411,Kenya,0
uniqueid_8412,Kenya,0
uniqueid_8413,Kenya,0
uniqueid_8414,Kenya,0
uniqueid_8415,Kenya,0
uniqueid_8416,Kenya,0
uniqueid_8417,Kenya,0
uniqueid_8418,Kenya,0
uniqueid_8419,Kenya,0
uniqueid_8420,Kenya,0
uniqueid_8421,Kenya,0
uniqueid_8422,Kenya,0
uniqueid_8423,Kenya,0
uniqueid_8424,Kenya,1
uniqueid_8425,Kenya,0
uniqueid_8426,Kenya,0
uniqueid_8427,Kenya,0
uniqueid_8428,Kenya,0
uniqueid_8429,Kenya,0
uniqueid_8430,Kenya,0
uniqueid_8431,Kenya,1
uniqueid_8432,Kenya,1
uniqueid_8433,Kenya,0
uniqueid_8434,Kenya,0
uniqueid_8435,Kenya,0
uniqueid_8436,Kenya,0
uniqueid_8437,Kenya,0
uniqueid_8438,Kenya,0
uniqueid_8439,Kenya,0
uniqueid_8440,Kenya,0
uniqueid_8441,Kenya,0
uniqueid_8442,Kenya,0
uniqueid_8443,Kenya,0
uniqueid_8444,Kenya,1
uniqueid_8445,Kenya,1
uniqueid_8446,Kenya,0
uniqueid_8447,Kenya,0
uniqueid_8448,Kenya,0
uniqueid_8449,Kenya,1
uniqueid_8450,Kenya,0
uniqueid_8451,Kenya,0
uniqueid_8452,Kenya,0
uniqueid_8453,Kenya,1
uniqueid_8454,Kenya,0
uniqueid_8455,Kenya,0
uniqueid_8456,Kenya,0
uniqueid_8457,Kenya,1
uniqueid_8458,Kenya,1
uniqueid_8459,Kenya,0
uniqueid_8460,Kenya,0
uniqueid_8461,Kenya,0
uniqueid_8462,Kenya,0
uniqueid_8463,Kenya,0
uniqueid_8464,Kenya,0
uniqueid_8465,Kenya,0
uniqueid_8466,Kenya,0
uniqueid_8467,Kenya,0
uniqueid_8468,Kenya,0
uniqueid_8469,Kenya,0
uniqueid_8470,Kenya,0
uniqueid_8471,Kenya,0
uniqueid_8472,Kenya,1
uniqueid_8473,Kenya,0
uniqueid_8474,Kenya,0
uniqueid_8475,Kenya,1
uniqueid_8476,Kenya,0
uniqueid_8477,Kenya,0
uniqueid_8478,Kenya,0
uniqueid_8479,Kenya,0
uniqueid_8480,Kenya,0
uniqueid_8481,Kenya,0
uniqueid_8482,Kenya,0
uniqueid_8483,Kenya,0
uniqueid_8484,Kenya,0
uniqueid_8485,Kenya,0
uniqueid_8486,Kenya,0
uniqueid_8487,Kenya,0
uniqueid_8488,Kenya,0
uniqueid_8489,Kenya,0
uniqueid_8490,Kenya,0
uniqueid_8491,Kenya,0
uniqueid_8492,Kenya,0
uniqueid_8493,Kenya,0
uniqueid_8494,Kenya,0
uniqueid_8495,Kenya,0
uniqueid_8496,Kenya,0
uniqueid_8497,Kenya,0
uniqueid_8498,Kenya,0
uniqueid_8499,Kenya,0
uniqueid_8500,Kenya,0
uniqueid_8501,Kenya,0
uniqueid_8502,Kenya,0
uniqueid_8503,Kenya,0
uniqueid_8504,Kenya,0
uniqueid_8505,Kenya,0
uniqueid_8506,Kenya,0
uniqueid_8507,Kenya,0
uniqueid_8508,Kenya,0
uniqueid_8509,Kenya,0
uniqueid_8510,Kenya,1
uniqueid_8511,Kenya,0
uniqueid_8512,Kenya,0
uniqueid_8513,Kenya,0
uniqueid_8514,Kenya,0
uniqueid_8515,Kenya,0
uniqueid_8516,Kenya,0
uniqueid_8517,Kenya,0
uniqueid_8518,Kenya,0
uniqueid_8519,Kenya,1
uniqueid_8520,Kenya,0
uniqueid_8521,Kenya,0
uniqueid_8522,Kenya,0
uniqueid_8523,Kenya,1
uniqueid_8524,Kenya,1
uniqueid_8525,Kenya,0
uniqueid_8526,Kenya,0
uniqueid_8527,Kenya,0
uniqueid_8528,Kenya,0
uniqueid_8529,Kenya,0
uniqueid_8530,Kenya,0
uniqueid_8531,Kenya,0
uniqueid_8532,Kenya,0
uniqueid_8533,Kenya,0
uniqueid_8534,Kenya,0
uniqueid_8535,Kenya,0
uniqueid_8536,Kenya,0
uniqueid_8537,Kenya,0
uniqueid_8538,Kenya,0
uniqueid_8539,Kenya,0
uniqueid_8540,Kenya,1
uniqueid_8541,Kenya,0
uniqueid_8542,Kenya,0
uniqueid_8543,Kenya,1
uniqueid_8544,Kenya,0
uniqueid_8545,Kenya,0
uniqueid_8546,Kenya,0
uniqueid_8547,Kenya,0
uniqueid_8548,Kenya,1
uniqueid_8549,Kenya,0
uniqueid_8550,Kenya,0
uniqueid_8551,Kenya,0
uniqueid_8552,Kenya,0
uniqueid_8553,Kenya,0
uniqueid_8554,Kenya,0
uniqueid_8555,Kenya,0
uniqueid_8556,Kenya,0
uniqueid_8557,Kenya,1
uniqueid_8558,Kenya,0
uniqueid_8559,Kenya,0
uniqueid_8560,Kenya,0
uniqueid_8561,Kenya,0
uniqueid_8562,Kenya,0
uniqueid_8563,Kenya,0
uniqueid_8564,Kenya,0
uniqueid_8565,Kenya,0
uniqueid_8566,Kenya,0
uniqueid_8567,Kenya,0
uniqueid_8568,Kenya,0
uniqueid_8569,Kenya,0
uniqueid_8570,Kenya,0
uniqueid_8571,Kenya,0
uniqueid_8572,Kenya,0
uniqueid_8573,Kenya,0
uniqueid_8574,Kenya,0
uniqueid_8575,Kenya,0
uniqueid_8576,Kenya,1
uniqueid_8577,Kenya,0
uniqueid_8578,Kenya,0
uniqueid_8579,Kenya,0
uniqueid_8580,Kenya,1
uniqueid_8581,Kenya,0
uniqueid_8582,Kenya,0
uniqueid_8583,Kenya,0
uniqueid_8584,Kenya,0
uniqueid_8585,Kenya,0
uniqueid_8586,Kenya,0
uniqueid_8587,Kenya,0
uniqueid_8588,Kenya,0
uniqueid_8589,Kenya,0
uniqueid_8590,Kenya,0
uniqueid_8591,Kenya,0
uniqueid_8592,Kenya,0
uniqueid_8593,Kenya,0
uniqueid_8594,Kenya,0
uniqueid_8595,Kenya,0
uniqueid_8596,Kenya,0
uniqueid_8597,Kenya,0
uniqueid_8598,Kenya,0
uniqueid_8599,Kenya,1
uniqueid_8600,Kenya,0
uniqueid_8601,Kenya,1
uniqueid_8602,Kenya,0
uniqueid_8603,Kenya,1
uniqueid_8604,Kenya,0
uniqueid_8605,Kenya,0
uniqueid_8606,Kenya,0
uniqueid_8607,Kenya,0
uniqueid_8608,Kenya,0
uniqueid_8609,Kenya,0
uniqueid_8610,Kenya,1
uniqueid_8611,Kenya,0
uniqueid_8612,Kenya,0
uniqueid_8613,Kenya,0
uniqueid_8614,Kenya,0
uniqueid_8615,Kenya,0
uniqueid_8616,Kenya,0
uniqueid_8617,Kenya,0
uniqueid_8618,Kenya,1
uniqueid_8619,Kenya,0
uniqueid_8620,Kenya,0
uniqueid_8621,Kenya,0
uniqueid_8622,Kenya,0
uniqueid_8623,Kenya,0
uniqueid_8624,Kenya,0
uniqueid_8625,Kenya,0
uniqueid_8626,Kenya,0
uniqueid_8627,Kenya,0
uniqueid_8628,Kenya,0
uniqueid_8629,Kenya,0
uniqueid_8630,Kenya,0
uniqueid_8631,Kenya,0
uniqueid_8632,Kenya,0
uniqueid_8633,Kenya,1
uniqueid_8634,Kenya,0
uniqueid_8635,Kenya,0
uniqueid_8636,Kenya,0
uniqueid_8637,Kenya,0
uniqueid_8638,Kenya,1
uniqueid_8639,Kenya,0
uniqueid_8640,Kenya,0
uniqueid_8641,Kenya,0
uniqueid_8642,Kenya,0
uniqueid_8643,Kenya,0
uniqueid_8644,Kenya,0
uniqueid_8645,Kenya,0
uniqueid_8646,Kenya,0
uniqueid_8647,Kenya,0
uniqueid_8648,Kenya,0
uniqueid_8649,Kenya,0
uniqueid_8650,Kenya,0
uniqueid_8651,Kenya,0
uniqueid_8652,Kenya,0
uniqueid_8653,Kenya,0
uniqueid_8654,Kenya,0
uniqueid_8655,Kenya,0
uniqueid_8656,Kenya,0
uniqueid_8657,Kenya,0
uniqueid_8658,Kenya,1
uniqueid_8659,Kenya,0
uniqueid_8660,Kenya,0
uniqueid_8661,Kenya,0
uniqueid_8662,Kenya,0
uniqueid_8663,Kenya,0
uniqueid_8664,Kenya,1
uniqueid_8665,Kenya,0
uniqueid_8666,Kenya,0
uniqueid_8667,Kenya,0
uniqueid_8668,Kenya,0
uniqueid_8669,Kenya,0
